{
    "loss": 0.6242973208427429,
    "accuracy": 0.9396551847457886
}