{
    "loss": 1.0574402809143066,
    "accuracy": 0.9051724076271057
}